{
  "project_info": {
    "project_number": "989236196946",
    "project_id": "agn-apps-4aa27",
    "storage_bucket": "agn-apps-4aa27.appspot.com"
  },
  "client": [
    {
      "client_info": {
        "mobilesdk_app_id": "1:989236196946:android:9745337c9200cf713d518b",
        "android_client_info": {
          "package_name": "net.agn.vpn"
        }
      },
      "oauth_client": [
        {
          "client_id": "989236196946-vj068a27g7753d19g9eilvn2tvihd680.apps.googleusercontent.com",
          "client_type": 3
        }
      ],
      "api_key": [
        {
          "current_key": "AIzaSyBHKV154h-9V4UFA_YhxCnP-tbQz2ggBcE"
        }
      ],
      "services": {
        "appinvite_service": {
          "other_platform_oauth_client": [
            {
              "client_id": "989236196946-vj068a27g7753d19g9eilvn2tvihd680.apps.googleusercontent.com",
              "client_type": 3
            }
          ]
        }
      }
    }
  ],
  "configuration_version": "1"
}